{
    "1": 0.001615743157646473,
    "2": 0.001494151711561105,
    "3": 0.0014444497488682432,
    "4": 0.0015167542742690436,
    "5": 0.0015690564576209896,
    "6": 0.0011412045031406685,
    "7": 0.0014567754487470124,
    "8": 0.0014407024598033825,
    "9": 0.0017309009247553526,
    "10": 0.0013664534171580849,
    "11": 0.001411722790902786,
    "12": 0.001392883967457588,
    "13": 0.0015661368328061455,
    "14": 0.0015852994341022145,
    "15": 0.0015632300439320118,
    "16": 0.0015095910940998644,
    "17": 0.0015292331200096293,
    "18": 0.0013883983038112144,
    "19": 0.0015195945191145222,
    "20": 0.0014266716697099236,
    "21": 0.0017272812316473853,
    "22": 0.0019660953763238915
}